<?xml version="1.0" encoding="UTF-8"?>
<project-private xmlns="http://www.netbeans.org/ns/project-private/1">
    <editor-bookmarks xmlns="http://www.netbeans.org/ns/editor-bookmarks/2" lastBookmarkId="0"/>
    <open-files xmlns="http://www.netbeans.org/ns/projectui-open-files/2">
        <group>
            <file>file:/home/rasperrylinux/NetBeansProjects/COE-528-lab1-Netbeans/src/coe528/lab1/Member.java</file>
            <file>file:/home/rasperrylinux/NetBeansProjects/COE-528-lab1-Netbeans/src/coe528/lab1/Ticket.java</file>
            <file>file:/home/rasperrylinux/NetBeansProjects/COE-528-lab1-Netbeans/src/coe528/lab1/NonMember.java</file>
            <file>file:/home/rasperrylinux/NetBeansProjects/COE-528-lab1-Netbeans/src/coe528/lab1/Flight.java</file>
            <file>file:/home/rasperrylinux/NetBeansProjects/COE-528-lab1-Netbeans/src/coe528/lab1/Manager.java</file>
            <file>file:/home/rasperrylinux/NetBeansProjects/COE-528-lab1-Netbeans/src/coe528/lab1/Passenger.java</file>
        </group>
    </open-files>
</project-private>
